operation_code,kind,stage,semantic_unit,count_formula,bound_type,alternative,assumption_or_blocker,accounting_role
common.cell_identifier_hash,common,catalogue,sha256_calls,1,exact,all,one_exact_canonical_cell_identifier,standalone_identity
common.catalogue_serializations,common,catalogue,record_serializations,1,exact,all,one_catalogue_record_per_candidate,standalone_serialization
common.catalogue_bytes,common,catalogue,bytes,42+L_i,exact,all,fixed_header_plus_exact_canonical_JSON,standalone_storage
common.static_lock_serializations,common,static_identity,record_serializations,1,exact,all,one_cell_static_lock_per_candidate,standalone_serialization
common.static_lock_bytes,common,static_identity,bytes,112,exact,all,TB0010_fixed_cell_lock,standalone_storage
common.identifier_dictionary_serializations,common,static_identity,record_serializations,unresolved,unresolved,owner_choice,identifier_dictionary_partition_and_deduplication_policy_not_frozen,standalone_serialization_blocker
common.permutation_dictionary_serializations,common,static_identity,record_serializations,unresolved,unresolved,owner_choice,abstract_item_assignment_and_repeat_domains_not_frozen,standalone_serialization_blocker
common.static_extension_serializations,common,static_output,record_serializations,1,exact,all,one_typed_static_extension_per_candidate,standalone_serialization
common.static_extension_bytes,common,static_output,bytes,unresolved,unresolved,owner_choice,truth_calibration_trace_and_failure_fields_not_frozen,standalone_storage_blocker
common.permutation_hmac_calls,common,static_identity,hmac_calls,unresolved,unresolved,owner_choice,abstract_item_assignment_and_repeat_domains_not_frozen,standalone_identity_blocker
common.permutation_payload_digest_calls,common,static_identity,sha256_calls,I_assignment*1,conditional_exact,all,I_assignment=1_after_the_cell_assignment_and_permutation_payload_is_frozen,shared_digest_for_static_lock_and_assignment_digest_aliases_do_not_double_count
common.permutation_dictionary_bytes,common,static_identity,bytes,unresolved,unresolved,owner_choice,identifier_and_permutation_payload_not_frozen,standalone_storage_blocker
common.chunk_payload_digest_calls,common,checkpoint,sha256_calls,unresolved,unresolved,chunk_policy,one_digest_per_committed_chunk_but_chunk_count_not_frozen,standalone_identity_blocker
common.chunk_journal_bytes,common,checkpoint,bytes,52*N_chunk_journal_records,unresolved,chunk_policy,one_exact_52_byte_logical_journal_record_per_realized_chunk_journal_entry_but_occurrence_and_file_framing_are_not_frozen,standalone_persistent_audit_storage_blocker
common.failure_detail_bytes,common,failure_audit,bytes,sum_failure_records(28+UTF8_message_length),unresolved,failure_policy,fixed_28_byte_logical_prefix_plus_exact_message_bytes_per_realized_failure_detail_but_occurrence_message_taxonomy_and_file_framing_are_not_frozen,standalone_persistent_audit_storage_blocker
common.completion_bitmap_serializations,common,checkpoint,record_serializations,1,exact,all,one_120000_bit_bitmap_per_candidate,standalone_serialization
common.completion_bitmap_bytes,common,checkpoint,bytes,15000,exact,all,one_bit_per_frozen_outer_identity,standalone_storage
common.cell_aggregate_serializations,common,aggregate,record_serializations,1,exact,all,one_cell_aggregate_record_even_when_incomplete,standalone_serialization
common.cell_aggregate_bytes,common,aggregate,bytes,unresolved,unresolved,owner_choice,typed_event_and_interval_payload_width_not_frozen,standalone_storage_blocker
global.manifest_hash_reductions,global,catalogue,hash_reductions,3,exact,all,reliability_mv1_and_combined_sorted_identifier_hashes,global_once
global.metric_registry_digest_calls,global,serialization,sha256_calls,1,exact,all,one_digest_of_the_complete_frozen_metric_registry,global_once
global.registry_dictionary_serializations,global,serialization,record_serializations,4,exact,all,exactly_rel_event_mv_event_failure_component_and_scientific_status_dictionary_records,global_once_four_named_registry_dictionaries
global.registry_dictionary_bytes,global,serialization,bytes,unresolved,unresolved,owner_choice,complete_record_framing_and_payload_bytes_for_exactly_the_four_named_registry_dictionaries_not_frozen;disjoint_from_identifier_and_permutation_dictionaries_and_container_headers,global_storage_blocker
global.cp95_conformance_interval_calls,global,algorithm_conformance,exact_binomial_intervals,120001,exact,composite_exact_binomial_path,one_two_sided_95pct_CP_interval_for_each_success_count_x=0..120000_at_fixed_N=120000,composite_conformance_alternative_do_not_sum_with_primitive_quantiles
global.cp95_conformance_beta_quantile_calls,global,algorithm_conformance,beta_quantile_calls,240000,exact,primitive_exact_binomial_path,two_calls_for_each_interior_x_and_one_call_at_each_boundary_x=0_or_120000,primitive_conformance_alternative_do_not_sum_with_composite_interval_calls
global.cp95_half_width_evaluations,global,algorithm_conformance,endpoint_difference_and_halving_events,120001,exact,all,one_(upper-lower)/2_evaluation_per_success_count,standalone_semantic_unit
global.cp95_max_argmax_comparisons,global,algorithm_conformance,ordered_comparisons,120000,exact,all,fixed_ascending_x_scan_with_smallest_x_tie_break,shared_comparison_for_maximum_and_argmax_outputs
global.cp95_threshold_comparisons,global,algorithm_conformance,strict_threshold_comparisons,1,exact,all,worst_case_half_width_strictly_less_than_0.003,standalone_semantic_unit
global.cp95_conformance_record_serializations,global,algorithm_conformance,record_serializations,1,exact,all,one_global_typed_conformance_record,standalone_semantic_unit
global.cp95_conformance_record_bytes,global,algorithm_conformance,bytes,unresolved,unresolved,container_choice,three_typed_fields_have_exact_payload_and_state_bytes_but_record_framing_not_frozen,global_storage_blocker
global.cp95_execution_attempt_records,global,restart,record_serializations,unresolved,unresolved,resource_policy,32_byte_execution_sidecar_records_for_CP95_CONFORMANCE_work_only;global_join_key=(0xffffffff<<32)|2;disjoint_from_family_and_per_candidate_work,global_restart_blocker
global.cp95_execution_attempt_record_bytes,global,restart,bytes,unresolved,unresolved,resource_policy,32_bytes_per_CP95_CONFORMANCE_scheduled_attempt_but_retry_occurrence_not_frozen,global_restart_blocker
global.output_file_header_serializations,global,serialization,record_serializations,N_output_files,unresolved,container_choice,file_partition_count_and_container_not_frozen,global_serialization_blocker
global.output_file_content_digest_calls,global,serialization,sha256_calls,N_output_files,unresolved,container_choice,hash_exact_file_bytes_with_the_content_digest_slot_canonical_zero;file_partition_count_not_frozen,global_identity_blocker
global.output_file_record_count_reductions,global,serialization,count_reductions,N_output_files,unresolved,container_choice,one_exact_record_count_per_output_file_but_file_partition_count_not_frozen,global_serialization_blocker
global.output_file_byte_count_reductions,global,serialization,count_reductions,N_output_files,unresolved,container_choice,one_exact_uncompressed_byte_count_per_output_file_but_file_partition_count_not_frozen,global_serialization_blocker
global.software_lock_digest_calls,global,static_identity,sha256_calls,N_software_lock_payloads,unresolved,software_lock_choice,software_environment_payload_and_deduplication_not_frozen,global_identity_blocker
global.algorithm_lock_digest_calls,global,static_identity,sha256_calls,N_algorithm_lock_payloads,unresolved,algorithm_lock_choice,reference_algorithm_payload_and_deduplication_not_frozen,global_identity_blocker
global.family_record_serializations,global,family,record_serializations,2,exact,all,one_reliability_and_one_mv1_family_record,global_once
global.family_execution_attempt_records,global,restart,record_serializations,unresolved,unresolved,resource_policy,32_byte_execution_sidecar_records_for_REL_FAMILY_and_MV_FAMILY_scheduled_attempts_only;disjoint_from_per_kind_static_calibration_outer_and_cell_aggregate_attempts,global_restart_blocker
global.family_execution_attempt_record_bytes,global,restart,bytes,unresolved,unresolved,resource_policy,32_bytes_per_family_work_unit_attempt_but_retry_occurrence_not_frozen,global_restart_blocker
rel.family_member_status_checks,global,family,member_status_checks,10847,exact,all,all_reliability_manifest_candidates_including_static_scientific_or_infrastructure_failures,shared_family_classification_for_candidate_complete_count_and_failure_inventory
rel.family_status_inventory_appends,global,family,inventory_appends,10847,upper_bound,all,total_appends_across_two_unique_disjoint_inventories:conclusive_static_or_required_criterion_failure_versus_no_conclusive_failure_with_infrastructure_missingness;at_most_one_append_per_candidate,shared_disjoint_inventory_bound
rel.family_coverage_check_evaluations,global,family,check_evaluations,10847,exact,all,each_candidate_contributes_coverage_pass_or_static_failure_record,standalone_family_reduction
rel.family_false_promotion_check_evaluations,global,family,check_evaluations,10847,upper_bound,final_null_or_boundary_members,inclusive_membership_uses_any_final_truth_at_or_below_its_declared_null_threshold;membership_count_waits_for_selected_final_truth_but_no_candidate_may_be_silently_deleted,standalone_family_reduction
rel.family_planning_power_check_evaluations,global,family,check_evaluations,4416,exact,planning_members,all_4416_manifest_planning_members_or_their_static_failure_records,standalone_family_reduction
rel.family_axis_min_argmin_comparisons,global,family,ordered_comparisons,4401,upper_bound,complete_family_path,"axis_array_order=image_technical,image_coverage,image_semantic,image_polarity,text_integrity,text_target_polarity,text_commitment,text_interpretation,text_derived_polarity,pair_atomicity,pair_preservation,pair_fluency,pair_plausibility,pair_nonsemantic_cues,pair_global;within_each_axis_scan_all_planning_members_by_ascending_combined_catalogue_index;compare_candidate_lower_strictly_less_than_running_minimum_and_never_update_on_exact_binary64_equality_so_smallest_tied_index_is_retained;sum_over_15_axes_of_members_in_axis_minus_1",shared_comparison_for_minimum_and_argmin_outputs
rel.family_union_failure_complements,global,family,one_minus_events,15,upper_bound,complete_family_path,one_1_minus_L_g_min_complement_per_axis_before_fixed_order_sum,standalone_semantic_unit
rel.family_union_failure_additions,global,family,fixed_order_additions,14,upper_bound,complete_family_path,"left_associative_sum_of_fifteen_axis_terms_in_order=image_technical,image_coverage,image_semantic,image_polarity,text_integrity,text_target_polarity,text_commitment,text_interpretation,text_derived_polarity,pair_atomicity,pair_preservation,pair_fluency,pair_plausibility,pair_nonsemantic_cues,pair_global",standalone_family_reduction
rel.family_union_threshold_comparisons,global,family,inclusive_threshold_comparisons,1,upper_bound,complete_family_path,compare_fixed_order_union_failure_sum<=0.10,standalone_semantic_unit
rel.family_decision_evaluations,global,family,decision_evaluations,1,exact,all,pass_fail_or_incomplete_after_member_accounting,global_once
mv.family_candidate_status_checks,global,family,member_status_checks,2438,exact,all,all_precalibration_manifest_candidates,shared_family_classification_for_candidate_failure_and_missing_counts
mv.family_status_inventory_appends,global,family,inventory_appends,2438,upper_bound,all,total_appends_across_three_unique_disjoint_inventories:preouter_calibration_or_static_failure_outer_eligible_outer_or_criterion_failure_or_no_conclusive_failure_with_infrastructure_missingness;at_most_one_append_per_candidate,shared_disjoint_inventory_bound
mv.family_null_upper_check_evaluations,global,family,check_evaluations,108,exact,all,every_immutable_manifest_null_member_contributes_VALUE_or_NOT_REACHED_audit_outcome,standalone_family_reduction
mv.family_coverage_check_evaluations,global,family,check_evaluations,2438,exact,all,every_candidate_contributes_VALUE_or_NOT_REACHED_coverage_audit_outcome,standalone_family_reduction
mv.family_planning_power_check_evaluations,global,family,check_evaluations,2304,exact,planning_members,all_2304_manifest_members_or_their_failure_records,standalone_family_reduction
mv.family_decision_evaluations,global,family,decision_evaluations,1,exact,all,pass_fail_or_incomplete_after_member_accounting,global_once
global.family_record_bytes,global,family,bytes,unresolved,unresolved,owner_choice,typed_minima_inventory_and_decision_widths_not_frozen,global_storage_blocker
global.container_header_bytes,global,serialization,bytes,unresolved,unresolved,implementation_choice,file_container_and_identifier_or_permutation_dictionary_headers_not_frozen;excludes_the_four_named_registry_dictionary_records,global_storage_blocker
global.replay_conformance_checks,global,conformance,checks,unresolved,unresolved,post_gate_reference_choice,sentinel_set_and_checkpoint_depth_not_frozen,global_conformance_blocker
global.io_bytes,global,io,bytes,unresolved,unresolved,implementation_and_retention_choice,read_write_checkpoint_retry_and_readback_bytes_not_frozen,global_resource_blocker
global.redundancy_backup_bytes,global,retention,bytes,unresolved,unresolved,governance_and_resource_choice,redundancy_backup_and_retention_policy_not_frozen,global_storage_blocker
global.restart_scheduler_events,global,restart,events,unresolved,unresolved,resource_choice,chunk_retry_queue_and_scheduler_policy_not_frozen,global_resource_blocker
global.peak_ram_bytes,global,resource,bytes,unresolved,unresolved,implementation_and_worker_choice,worker_system_and_shared_peak_RAM_not_measured_or_bounded,global_resource_blocker
global.scratch_bytes,global,resource,bytes,unresolved,unresolved,implementation_and_checkpoint_choice,temporary_calibration_bootstrap_sort_and_checkpoint_storage_not_bounded,global_resource_blocker
global.worker_process_allocation,global,resource,workers_and_processes,unresolved,unresolved,resource_owner_choice,hardware_worker_thread_affinity_and_concurrency_not_allocated,global_resource_blocker
global.runtime_seconds,global,resource,seconds,unresolved,unresolved,future_authorized_benchmark,no_runtime_or_throughput_measurement_exists,global_resource_blocker
global.contingency_capacity,global,resource,bytes_and_seconds,unresolved,unresolved,resource_and_governance_choice,retry_failure_redundancy_and_capacity_margin_not_frozen,global_resource_blocker
global.compression_work_and_bytes,global,serialization,events_and_bytes,unresolved,unresolved,optional_complete_alternative,compressor_roundtrip_and_worst_case_expansion_not_frozen,exclusive_optional_alternative
rel.outer_records,reliability,outer,records,I_R3*(M_c),conditional_exact,all,missingness_solve_pass=1_for_m=0_or_MCAR_else_1_iff_owner_frozen_bracket_and_final_selection_are_reached_and_finite_and_abs_selected_signed_residual_less_than_or_equal_to_1e-10;planning_truth_eligibility=VALUE_true_iff_manifest_planning_member_and_final_alpha>0.80_and_final_macro>0.85_and_every_applicable_final_positive>0.75;I_R3=1_iff_missingness_solve_pass_and_quadrature_estimable_and_(planning=0_or_planning_truth_eligibility=VALUE_true);false_promotion_low_truth_not_pruned;M_c_is_unique_integrity_valid_committed_outer_identity_count_between_0_and_R;I_complete_iff_M_c=R_and_no_integrity_mismatch,shape_denominator_do_not_allocate_as_compute
rel.dgp_words_lower,reliability,outer_dgp,uint64_words,I_R3*(R*(N+2*A)),conditional_lower_bound,rel_dgp_envelope,missingness_solve_pass=1_for_m=0_or_MCAR_else_1_iff_owner_frozen_bracket_and_final_selection_are_reached_and_finite_and_abs_selected_signed_residual_less_than_or_equal_to_1e-10;planning_truth_eligibility=VALUE_true_iff_manifest_planning_member_and_final_alpha>0.80_and_final_macro>0.85_and_every_applicable_final_positive>0.75;I_R3=1_iff_missingness_solve_pass_and_quadrature_estimable_and_(planning=0_or_planning_truth_eligibility=VALUE_true);false_promotion_low_truth_not_pruned;planned_complete_path_I_complete=1;discarded_retry_work_is_separate;first_ratings_only,envelope_lower_do_not_sum_with_upper_or_components
rel.dgp_words_upper,reliability,outer_dgp,uint64_words,I_R3*(R*(N+2*A+N+3*Dmax)),conditional_upper_bound,rel_dgp_envelope,missingness_solve_pass=1_for_m=0_or_MCAR_else_1_iff_owner_frozen_bracket_and_final_selection_are_reached_and_finite_and_abs_selected_signed_residual_less_than_or_equal_to_1e-10;planning_truth_eligibility=VALUE_true_iff_manifest_planning_member_and_final_alpha>0.80_and_final_macro>0.85_and_every_applicable_final_positive>0.75;I_R3=1_iff_missingness_solve_pass_and_quadrature_estimable_and_(planning=0_or_planning_truth_eligibility=VALUE_true);false_promotion_low_truth_not_pruned;planned_complete_path_I_complete=1;all_items_receive_ambiguity_word;all_instrument_repeats_consumed,envelope_upper_do_not_sum_with_lower_or_components
rel.open_unit_conversions_lower,reliability,outer_dgp,uint64_to_open_unit,I_R3*(R*(N+2*A)),conditional_lower_bound,rel_conversion_envelope,missingness_solve_pass=1_for_m=0_or_MCAR_else_1_iff_owner_frozen_bracket_and_final_selection_are_reached_and_finite_and_abs_selected_signed_residual_less_than_or_equal_to_1e-10;planning_truth_eligibility=VALUE_true_iff_manifest_planning_member_and_final_alpha>0.80_and_final_macro>0.85_and_every_applicable_final_positive>0.75;I_R3=1_iff_missingness_solve_pass_and_quadrature_estimable_and_(planning=0_or_planning_truth_eligibility=VALUE_true);false_promotion_low_truth_not_pruned;planned_complete_path_I_complete=1;matches_lower_raw_word_path,envelope_lower_do_not_sum_with_upper
rel.open_unit_conversions_upper,reliability,outer_dgp,uint64_to_open_unit,I_R3*(R*(N+2*A+N+3*Dmax)),conditional_upper_bound,rel_conversion_envelope,missingness_solve_pass=1_for_m=0_or_MCAR_else_1_iff_owner_frozen_bracket_and_final_selection_are_reached_and_finite_and_abs_selected_signed_residual_less_than_or_equal_to_1e-10;planning_truth_eligibility=VALUE_true_iff_manifest_planning_member_and_final_alpha>0.80_and_final_macro>0.85_and_every_applicable_final_positive>0.75;I_R3=1_iff_missingness_solve_pass_and_quadrature_estimable_and_(planning=0_or_planning_truth_eligibility=VALUE_true);false_promotion_low_truth_not_pruned;planned_complete_path_I_complete=1;matches_upper_raw_word_path,envelope_upper_do_not_sum_with_lower
rel.item_inverse_normal,reliability,outer_dgp,inverse_normal_calls,I_R3*(R*N),conditional_exact,planned_complete_path_I_complete=1,missingness_solve_pass=1_for_m=0_or_MCAR_else_1_iff_owner_frozen_bracket_and_final_selection_are_reached_and_finite_and_abs_selected_signed_residual_less_than_or_equal_to_1e-10;planning_truth_eligibility=VALUE_true_iff_manifest_planning_member_and_final_alpha>0.80_and_final_macro>0.85_and_every_applicable_final_positive>0.75;I_R3=1_iff_missingness_solve_pass_and_quadrature_estimable_and_(planning=0_or_planning_truth_eligibility=VALUE_true);false_promotion_low_truth_not_pruned;one_item_effect_per_item_and_scheduled_outer,standalone_semantic_unit
rel.first_rating_softmax,reliability,outer_dgp,softmax_vectors,I_R3*(R*A),conditional_exact,planned_complete_path_I_complete=1,missingness_solve_pass=1_for_m=0_or_MCAR_else_1_iff_owner_frozen_bracket_and_final_selection_are_reached_and_finite_and_abs_selected_signed_residual_less_than_or_equal_to_1e-10;planning_truth_eligibility=VALUE_true_iff_manifest_planning_member_and_final_alpha>0.80_and_final_macro>0.85_and_every_applicable_final_positive>0.75;I_R3=1_iff_missingness_solve_pass_and_quadrature_estimable_and_(planning=0_or_planning_truth_eligibility=VALUE_true);false_promotion_low_truth_not_pruned;one_first_rating_probability_vector_per_assignment_and_scheduled_outer,composite_softmax_alternative_do_not_sum_with_primitive_components
rel.first_rating_softmax_exp_calls,reliability,outer_dgp,exp_calls,I_R3*(R*A*K),conditional_exact,primitive_softmax_complete_path,missingness_solve_pass=1_for_m=0_or_MCAR_else_1_iff_owner_frozen_bracket_and_final_selection_are_reached_and_finite_and_abs_selected_signed_residual_less_than_or_equal_to_1e-10;planning_truth_eligibility=VALUE_true_iff_manifest_planning_member_and_final_alpha>0.80_and_final_macro>0.85_and_every_applicable_final_positive>0.75;I_R3=1_iff_missingness_solve_pass_and_quadrature_estimable_and_(planning=0_or_planning_truth_eligibility=VALUE_true);false_promotion_low_truth_not_pruned;K_exponentials_per_probability_vector,primitive_softmax_alternative_do_not_sum_with_composite
rel.first_rating_softmax_normalizations,reliability,outer_dgp,probability_normalizations,I_R3*(R*A),conditional_exact,primitive_softmax_complete_path,missingness_solve_pass=1_for_m=0_or_MCAR_else_1_iff_owner_frozen_bracket_and_final_selection_are_reached_and_finite_and_abs_selected_signed_residual_less_than_or_equal_to_1e-10;planning_truth_eligibility=VALUE_true_iff_manifest_planning_member_and_final_alpha>0.80_and_final_macro>0.85_and_every_applicable_final_positive>0.75;I_R3=1_iff_missingness_solve_pass_and_quadrature_estimable_and_(planning=0_or_planning_truth_eligibility=VALUE_true);false_promotion_low_truth_not_pruned;one_normalization_per_probability_vector,primitive_softmax_alternative_do_not_sum_with_composite
rel.first_rating_softmax_logsumexp_calls,reliability,outer_dgp,logsumexp_calls,I_R3*(R*A),conditional_upper_bound,optional_reference_softmax_complete_path,missingness_solve_pass=1_for_m=0_or_MCAR_else_1_iff_owner_frozen_bracket_and_final_selection_are_reached_and_finite_and_abs_selected_signed_residual_less_than_or_equal_to_1e-10;planning_truth_eligibility=VALUE_true_iff_manifest_planning_member_and_final_alpha>0.80_and_final_macro>0.85_and_every_applicable_final_positive>0.75;I_R3=1_iff_missingness_solve_pass_and_quadrature_estimable_and_(planning=0_or_planning_truth_eligibility=VALUE_true);false_promotion_low_truth_not_pruned;zero_if_direct_stable_normalization_is_frozen,optional_primitive_subalternative_do_not_add_without_reference_lock
rel.first_rating_lookup,reliability,outer_dgp,categorical_lookups,I_R3*(R*A),conditional_exact,planned_complete_path_I_complete=1,missingness_solve_pass=1_for_m=0_or_MCAR_else_1_iff_owner_frozen_bracket_and_final_selection_are_reached_and_finite_and_abs_selected_signed_residual_less_than_or_equal_to_1e-10;planning_truth_eligibility=VALUE_true_iff_manifest_planning_member_and_final_alpha>0.80_and_final_macro>0.85_and_every_applicable_final_positive>0.75;I_R3=1_iff_missingness_solve_pass_and_quadrature_estimable_and_(planning=0_or_planning_truth_eligibility=VALUE_true);false_promotion_low_truth_not_pruned;one_first_rating_lookup_per_assignment_and_scheduled_outer,standalone_semantic_unit
rel.missingness_lookup,reliability,outer_dgp,bernoulli_lookups,I_R3*(R*A),conditional_exact,planned_complete_path_I_complete=1,missingness_solve_pass=1_for_m=0_or_MCAR_else_1_iff_owner_frozen_bracket_and_final_selection_are_reached_and_finite_and_abs_selected_signed_residual_less_than_or_equal_to_1e-10;planning_truth_eligibility=VALUE_true_iff_manifest_planning_member_and_final_alpha>0.80_and_final_macro>0.85_and_every_applicable_final_positive>0.75;I_R3=1_iff_missingness_solve_pass_and_quadrature_estimable_and_(planning=0_or_planning_truth_eligibility=VALUE_true);false_promotion_low_truth_not_pruned;one_missingness_lookup_per_first_assignment_and_scheduled_outer,standalone_semantic_unit
rel.baseline_log_values,reliability,static_probability,log_calls,K*K,exact,all,one_frozen_baseline_logit_matrix_per_cell,standalone_semantic_unit
rel.ambiguity_draws_lower,reliability,outer_dgp,draw_events,I_R3*(0),conditional_lower_bound,all,missingness_solve_pass=1_for_m=0_or_MCAR_else_1_iff_owner_frozen_bracket_and_final_selection_are_reached_and_finite_and_abs_selected_signed_residual_less_than_or_equal_to_1e-10;planning_truth_eligibility=VALUE_true_iff_manifest_planning_member_and_final_alpha>0.80_and_final_macro>0.85_and_every_applicable_final_positive>0.75;I_R3=1_iff_missingness_solve_pass_and_quadrature_estimable_and_(planning=0_or_planning_truth_eligibility=VALUE_true);false_promotion_low_truth_not_pruned;ambiguity_domain_not_frozen,standalone_semantic_unit
rel.ambiguity_draws_upper,reliability,outer_dgp,draw_events,I_R3*(R*N),conditional_upper_bound,planned_complete_path_I_complete=1,missingness_solve_pass=1_for_m=0_or_MCAR_else_1_iff_owner_frozen_bracket_and_final_selection_are_reached_and_finite_and_abs_selected_signed_residual_less_than_or_equal_to_1e-10;planning_truth_eligibility=VALUE_true_iff_manifest_planning_member_and_final_alpha>0.80_and_final_macro>0.85_and_every_applicable_final_positive>0.75;I_R3=1_iff_missingness_solve_pass_and_quadrature_estimable_and_(planning=0_or_planning_truth_eligibility=VALUE_true);false_promotion_low_truth_not_pruned;all_axis_items_receive_ambiguity_draw,standalone_semantic_unit
rel.ambiguity_interpretation_lookups_upper,reliability,outer_dgp,bernoulli_lookups,I_R3*(R*N),conditional_upper_bound,planned_complete_path_I_complete=1,missingness_solve_pass=1_for_m=0_or_MCAR_else_1_iff_owner_frozen_bracket_and_final_selection_are_reached_and_finite_and_abs_selected_signed_residual_less_than_or_equal_to_1e-10;planning_truth_eligibility=VALUE_true_iff_manifest_planning_member_and_final_alpha>0.80_and_final_macro>0.85_and_every_applicable_final_positive>0.75;I_R3=1_iff_missingness_solve_pass_and_quadrature_estimable_and_(planning=0_or_planning_truth_eligibility=VALUE_true);false_promotion_low_truth_not_pruned;all_axis_items_receive_interpretation_lookup,standalone_semantic_unit
rel.repeat_events_lower,reliability,outer_dgp,repeat_events,I_R3*(0),conditional_lower_bound,all,missingness_solve_pass=1_for_m=0_or_MCAR_else_1_iff_owner_frozen_bracket_and_final_selection_are_reached_and_finite_and_abs_selected_signed_residual_less_than_or_equal_to_1e-10;planning_truth_eligibility=VALUE_true_iff_manifest_planning_member_and_final_alpha>0.80_and_final_macro>0.85_and_every_applicable_final_positive>0.75;I_R3=1_iff_missingness_solve_pass_and_quadrature_estimable_and_(planning=0_or_planning_truth_eligibility=VALUE_true);false_promotion_low_truth_not_pruned;included_repeat_domain_not_frozen,shape_denominator_do_not_allocate_as_compute
rel.repeat_events_upper,reliability,outer_dgp,repeat_events,I_R3*(R*Dmax),conditional_upper_bound,planned_complete_path_I_complete=1,missingness_solve_pass=1_for_m=0_or_MCAR_else_1_iff_owner_frozen_bracket_and_final_selection_are_reached_and_finite_and_abs_selected_signed_residual_less_than_or_equal_to_1e-10;planning_truth_eligibility=VALUE_true_iff_manifest_planning_member_and_final_alpha>0.80_and_final_macro>0.85_and_every_applicable_final_positive>0.75;I_R3=1_iff_missingness_solve_pass_and_quadrature_estimable_and_(planning=0_or_planning_truth_eligibility=VALUE_true);false_promotion_low_truth_not_pruned;all_instrument_repeat_ratings_included,shape_denominator_do_not_allocate_as_compute
rel.repeat_words_lower,reliability,outer_dgp,uint64_words,I_R3*(0),conditional_lower_bound,rel_dgp_component,missingness_solve_pass=1_for_m=0_or_MCAR_else_1_iff_owner_frozen_bracket_and_final_selection_are_reached_and_finite_and_abs_selected_signed_residual_less_than_or_equal_to_1e-10;planning_truth_eligibility=VALUE_true_iff_manifest_planning_member_and_final_alpha>0.80_and_final_macro>0.85_and_every_applicable_final_positive>0.75;I_R3=1_iff_missingness_solve_pass_and_quadrature_estimable_and_(planning=0_or_planning_truth_eligibility=VALUE_true);false_promotion_low_truth_not_pruned;included_repeat_domain_not_frozen,diagnostic_component_of_rel_dgp_envelope_do_not_add
rel.repeat_words_upper,reliability,outer_dgp,uint64_words,I_R3*(3*R*Dmax),conditional_upper_bound,rel_dgp_component_complete_path,missingness_solve_pass=1_for_m=0_or_MCAR_else_1_iff_owner_frozen_bracket_and_final_selection_are_reached_and_finite_and_abs_selected_signed_residual_less_than_or_equal_to_1e-10;planning_truth_eligibility=VALUE_true_iff_manifest_planning_member_and_final_alpha>0.80_and_final_macro>0.85_and_every_applicable_final_positive>0.75;I_R3=1_iff_missingness_solve_pass_and_quadrature_estimable_and_(planning=0_or_planning_truth_eligibility=VALUE_true);false_promotion_low_truth_not_pruned;three_words_per_instrument_repeat,diagnostic_component_of_rel_dgp_envelope_do_not_add
rel.repeat_match_lookups_upper,reliability,outer_dgp,bernoulli_lookups,I_R3*(R*Dmax),conditional_upper_bound,planned_complete_path_I_complete=1,missingness_solve_pass=1_for_m=0_or_MCAR_else_1_iff_owner_frozen_bracket_and_final_selection_are_reached_and_finite_and_abs_selected_signed_residual_less_than_or_equal_to_1e-10;planning_truth_eligibility=VALUE_true_iff_manifest_planning_member_and_final_alpha>0.80_and_final_macro>0.85_and_every_applicable_final_positive>0.75;I_R3=1_iff_missingness_solve_pass_and_quadrature_estimable_and_(planning=0_or_planning_truth_eligibility=VALUE_true);false_promotion_low_truth_not_pruned;all_instrument_repeats_reach_match_lookup,standalone_semantic_unit
rel.repeat_alternate_normalizations_upper,reliability,outer_dgp,probability_normalizations,I_R3*(R*Dmax),conditional_upper_bound,planned_complete_path_I_complete=1,missingness_solve_pass=1_for_m=0_or_MCAR_else_1_iff_owner_frozen_bracket_and_final_selection_are_reached_and_finite_and_abs_selected_signed_residual_less_than_or_equal_to_1e-10;planning_truth_eligibility=VALUE_true_iff_manifest_planning_member_and_final_alpha>0.80_and_final_macro>0.85_and_every_applicable_final_positive>0.75;I_R3=1_iff_missingness_solve_pass_and_quadrature_estimable_and_(planning=0_or_planning_truth_eligibility=VALUE_true);false_promotion_low_truth_not_pruned;one_zero_mass_renormalization_per_nonmatching_recorded_repeat_at_most,standalone_semantic_unit
rel.repeat_categorical_lookups_upper,reliability,outer_dgp,categorical_lookups,I_R3*(R*Dmax),conditional_upper_bound,planned_complete_path_I_complete=1,missingness_solve_pass=1_for_m=0_or_MCAR_else_1_iff_owner_frozen_bracket_and_final_selection_are_reached_and_finite_and_abs_selected_signed_residual_less_than_or_equal_to_1e-10;planning_truth_eligibility=VALUE_true_iff_manifest_planning_member_and_final_alpha>0.80_and_final_macro>0.85_and_every_applicable_final_positive>0.75;I_R3=1_iff_missingness_solve_pass_and_quadrature_estimable_and_(planning=0_or_planning_truth_eligibility=VALUE_true);false_promotion_low_truth_not_pruned;alternate_word_consumed_for_every_instrument_repeat,standalone_semantic_unit
rel.repeat_missingness_lookups_upper,reliability,outer_dgp,bernoulli_lookups,I_R3*(R*Dmax),conditional_upper_bound,planned_complete_path_I_complete=1,missingness_solve_pass=1_for_m=0_or_MCAR_else_1_iff_owner_frozen_bracket_and_final_selection_are_reached_and_finite_and_abs_selected_signed_residual_less_than_or_equal_to_1e-10;planning_truth_eligibility=VALUE_true_iff_manifest_planning_member_and_final_alpha>0.80_and_final_macro>0.85_and_every_applicable_final_positive>0.75;I_R3=1_iff_missingness_solve_pass_and_quadrature_estimable_and_(planning=0_or_planning_truth_eligibility=VALUE_true);false_promotion_low_truth_not_pruned;one_repeat_missingness_lookup_per_instrument_repeat,standalone_semantic_unit
rel.bootstrap_index_words,reliability,bootstrap,uint64_words,I_R3*(R*B*N),conditional_exact,planned_complete_path_I_complete=1,missingness_solve_pass=1_for_m=0_or_MCAR_else_1_iff_owner_frozen_bracket_and_final_selection_are_reached_and_finite_and_abs_selected_signed_residual_less_than_or_equal_to_1e-10;planning_truth_eligibility=VALUE_true_iff_manifest_planning_member_and_final_alpha>0.80_and_final_macro>0.85_and_every_applicable_final_positive>0.75;I_R3=1_iff_missingness_solve_pass_and_quadrature_estimable_and_(planning=0_or_planning_truth_eligibility=VALUE_true);false_promotion_low_truth_not_pruned;fixed_cluster_resamples;all_B_consumed,standalone_semantic_unit
rel.bootstrap_index_formations,reliability,bootstrap,index_formations,I_R3*(R*B*N),conditional_exact,planned_complete_path_I_complete=1,missingness_solve_pass=1_for_m=0_or_MCAR_else_1_iff_owner_frozen_bracket_and_final_selection_are_reached_and_finite_and_abs_selected_signed_residual_less_than_or_equal_to_1e-10;planning_truth_eligibility=VALUE_true_iff_manifest_planning_member_and_final_alpha>0.80_and_final_macro>0.85_and_every_applicable_final_positive>0.75;I_R3=1_iff_missingness_solve_pass_and_quadrature_estimable_and_(planning=0_or_planning_truth_eligibility=VALUE_true);false_promotion_low_truth_not_pruned;one_index_formation_per_word,standalone_semantic_unit
rel.statistic_recomputations,reliability,analysis,statistic_recomputations,I_R3*(R*(B+1)),conditional_exact,planned_complete_path_I_complete=1,missingness_solve_pass=1_for_m=0_or_MCAR_else_1_iff_owner_frozen_bracket_and_final_selection_are_reached_and_finite_and_abs_selected_signed_residual_less_than_or_equal_to_1e-10;planning_truth_eligibility=VALUE_true_iff_manifest_planning_member_and_final_alpha>0.80_and_final_macro>0.85_and_every_applicable_final_positive>0.75;I_R3=1_iff_missingness_solve_pass_and_quadrature_estimable_and_(planning=0_or_planning_truth_eligibility=VALUE_true);false_promotion_low_truth_not_pruned;point_plus_all_bootstrap_alpha_recomputations,standalone_semantic_unit
rel.percentile_selections,reliability,analysis,order_selections,I_R3*(R),conditional_upper_bound,planned_complete_path_I_complete=1,missingness_solve_pass=1_for_m=0_or_MCAR_else_1_iff_owner_frozen_bracket_and_final_selection_are_reached_and_finite_and_abs_selected_signed_residual_less_than_or_equal_to_1e-10;planning_truth_eligibility=VALUE_true_iff_manifest_planning_member_and_final_alpha>0.80_and_final_macro>0.85_and_every_applicable_final_positive>0.75;I_R3=1_iff_missingness_solve_pass_and_quadrature_estimable_and_(planning=0_or_planning_truth_eligibility=VALUE_true);false_promotion_low_truth_not_pruned;no_order_statistic_if_any_bootstrap_alpha_is_undefined,standalone_semantic_unit
rel.outer_point_descriptive_reductions,reliability,analysis,point_descriptive_reduction_assemblies,I_R3*(M_c),conditional_exact,all,missingness_solve_pass=1_for_m=0_or_MCAR_else_1_iff_owner_frozen_bracket_and_final_selection_are_reached_and_finite_and_abs_selected_signed_residual_less_than_or_equal_to_1e-10;planning_truth_eligibility=VALUE_true_iff_manifest_planning_member_and_final_alpha>0.80_and_final_macro>0.85_and_every_applicable_final_positive>0.75;I_R3=1_iff_missingness_solve_pass_and_quadrature_estimable_and_(planning=0_or_planning_truth_eligibility=VALUE_true);false_promotion_low_truth_not_pruned;one_per_unique_integrity_valid_committed_outer_record;computes_macro_agreement_K_applicable_positive_agreements_K_applicable_prevalences_overall_missingness_and_reader_and_presentation_arm_minima_maxima_and_spans;excludes_alpha_point_or_bootstrap_recomputation_and_classification,composite_point_output_reduction
rel.outer_classification_assemblies,reliability,analysis,state_event_failure_status_assemblies,I_R3*(M_c),conditional_exact,composite_outer_classification,missingness_solve_pass=1_for_m=0_or_MCAR_else_1_iff_owner_frozen_bracket_and_final_selection_are_reached_and_finite_and_abs_selected_signed_residual_less_than_or_equal_to_1e-10;planning_truth_eligibility=VALUE_true_iff_manifest_planning_member_and_final_alpha>0.80_and_final_macro>0.85_and_every_applicable_final_positive>0.75;I_R3=1_iff_missingness_solve_pass_and_quadrature_estimable_and_(planning=0_or_planning_truth_eligibility=VALUE_true);false_promotion_low_truth_not_pruned;one_per_committed_outer_record;includes_all_applicable_finite_denominator_threshold_coverage_allocation_missingness_and_bootstrap_undefined_comparisons_two_bit_slot_states_event_bits_failure_component_mask_and_primary_status_precedence;excludes_estimator_computation_aggregate_tally_and_serialization,composite_control_classification_do_not_add_future_granular_comparison_or_mask_rows
rel.missing_endpoint_residual_evaluations,reliability,static_truth,residual_evaluations,2_or_0,exact,nonzero_reader_or_class_mode,two_frozen_endpoints_before_any_midpoint;the_signed_residual_direction_and_nonfinite_semantics_are_owner_blocked,diagnostic_component_of_total_residual_evaluations_do_not_add
rel.missing_bracket_checks,reliability,static_truth,bracket_check_and_state_emission,1_or_0,exact,nonzero_reader_or_class_mode,one_endpoint_sign_bracket_check_is_scheduled_for_each_required_solve;the_signed_residual_direction_inclusive_endpoint_zero_predicate_and_nonfinite_semantics_are_owner_blocked_so_required_pass_or_fail_state_remains_NOT_REACHED_until_frozen;not_required_for_m=0_or_MCAR_is_assembled_by_static_classification,standalone_semantic_unit
rel.missing_midpoint_controls,reliability,static_truth,bisection_midpoint_and_cache_update_events,100_or_0,upper_bound,nonzero_reader_or_class_mode,zero_if_the_owner_frozen_endpoint_bracket_fails;otherwise_at_most_100_midpoint_evaluations_and_retained_bracket_cache_updates;midpoint_residual_zero_equality_endpoint_replacement_update_and_post_100_final_candidate_selection_rules_remain_owner_blocked,standalone_semantic_unit
rel.missing_residual_evaluations,reliability,static_truth,residual_evaluations,102_or_0,upper_bound,nonzero_reader_or_class_mode,two_endpoints_plus_at_most_100_midpoints;the_signed_residual_direction_inclusive_bracket_predicate_midpoint_equality_and_endpoint_update_rules_are_owner_blocked,standalone_semantic_unit
rel.missing_final_candidate_selection_events,reliability,static_truth,final_cached_candidate_selection_events,1_or_0,upper_bound,missingness_bisection_owner_choice,at_most_one_for_each_nonzero_reader_or_class_missingness_cell_after_an_owner_frozen_passing_bracket_and_100_midpoint_updates;selects_one_cached_intercept_and_paired_signed_residual;the_residual_sign_bracket_predicate_midpoint_equality_update_endpoint_or_midpoint_candidate_choice_and_tie_rule_are_not_frozen,standalone_final_missingness_selection_blocker
rel.missing_expit_constructions,reliability,static_truth,expit_calls,102*A_or_0,upper_bound,nonzero_reader_or_class_mode,two_endpoints_plus_at_most_100_midpoints,composite_expit_alternative_do_not_sum_with_primitive_exp
rel.missing_expit_exp_calls,reliability,static_truth,exp_calls,102*A_or_0,upper_bound,primitive_expit_path,one_exponential_per_expit_evaluation,primitive_expit_alternative_do_not_sum_with_composite
rel.quadrature_node_reductions,reliability,static_truth,node_truth_reduction_assemblies,I_missing*(41+61),conditional_exact,all,I_missing=1_for_no_solve_or_successful_missingness_solve;each_node_performs_fixed_order_weighted_accumulator_updates_for_integrated_alpha_macro_agreement_and_all_K_applicable_positive_agreements_and_the_last_node_emits_that_orders_final_truth_values;41_and_61_orders_are_separate,composite_truth_output_reduction_do_not_add_future_per_metric_accumulator_rows
rel.quadrature_probability_constructions,reliability,static_truth,softmax_vectors,I_missing*102*A,conditional_exact,all,I_missing=1_for_no_solve_or_successful_missingness_solve;both_declared_orders,composite_softmax_alternative_do_not_sum_with_primitive_components
rel.quadrature_softmax_exp_calls,reliability,static_truth,exp_calls,I_missing*102*A*K,conditional_exact,primitive_softmax_path,K_exponentials_per_assignment_weighted_probability_vector,primitive_softmax_alternative_do_not_sum_with_composite
rel.quadrature_softmax_normalizations,reliability,static_truth,probability_normalizations,I_missing*102*A,conditional_exact,primitive_softmax_path,one_normalization_per_assignment_weighted_probability_vector,primitive_softmax_alternative_do_not_sum_with_composite
rel.quadrature_softmax_logsumexp_calls,reliability,static_truth,logsumexp_calls,I_missing*102*A,conditional_upper_bound,optional_reference_softmax_path,zero_if_direct_stable_normalization_is_frozen,optional_primitive_subalternative_do_not_add_without_reference_lock
rel.reader_effect_inverse_normal,reliability,static_truth,inverse_normal_calls,roster*K,exact,all,frozen_roster_and_axis_categories,standalone_semantic_unit
rel.reader_effect_vector_normalizations,reliability,static_truth,finite_roster_normalizations,K,exact,all,one_mean_population_SD_normalization_per_category_vector,standalone_semantic_unit
rel.missing_reader_effect_inverse_normal,reliability,static_truth,inverse_normal_calls,roster_or_0,exact,nonzero_reader_missingness_only,separate_tagged_reader_permutation,standalone_semantic_unit
rel.missing_reader_vector_normalizations,reliability,static_truth,finite_roster_normalizations,1_or_0,exact,nonzero_reader_missingness_only,one_mean_population_SD_normalization,standalone_semantic_unit
rel.truth_reference_selection_events,reliability,static_classification,truth_reference_selection_events,unresolved,unresolved,truth_reference_owner_choice,41_vs_61_or_other_prospective_selection_rule_and_per_component_behavior_not_frozen,standalone_semantic_unit
rel.static_classification_assemblies,reliability,static_classification,static_state_failure_classification_assemblies,1,exact,composite_static_classification,one_per_manifest_candidate;includes_reached_41_61_delta_construction_1e-6_checks_four_fixed_class_slot_states_missingness_bracket_state_and_iteration_count_assembly_from_realized_controls_owner_blocked_final_intercept_residual_and_truth_states_required_missingness_solve_pass_iff_bracket_and_selection_are_reached_finite_and_abs_selected_signed_residual_less_than_or_equal_to_1e-10_with_finite_above_tolerance_residual_retained_as_VALUE_but_static_failure_and_I_R3=0_null_boundary_class_ALTERNATIVE_iff_alpha>0.67_macro>0.80_and_all_applicable_positive>0.70_BOUNDARY_iff_none_below_and_any_exactly_equal_else_NULL_if_any_below_using_exact_binary64_values_planning_truth_eligibility_true_iff_manifest_planning_member_and_alpha>0.80_macro>0.85_and_all_applicable_positive>0.75_else_false_for_finite_required_truths_I_R3_requires_true_for_planning_member_and_first_static_failure_precedence;excludes_numerical_bisection_quadrature_final_candidate_selection_and_owner_truth_selection_work,composite_control_classification_do_not_add_future_granular_static_state_or_comparison_rows
rel.aggregate_interval_calls_lower,reliability,aggregate,exact_binomial_intervals,I_R3*(I_complete*(11+K+I_planning)),conditional_lower_bound,rel_interval_envelope,missingness_solve_pass=1_for_m=0_or_MCAR_else_1_iff_owner_frozen_bracket_and_final_selection_are_reached_and_finite_and_abs_selected_signed_residual_less_than_or_equal_to_1e-10;planning_truth_eligibility=VALUE_true_iff_manifest_planning_member_and_final_alpha>0.80_and_final_macro>0.85_and_every_applicable_final_positive>0.75;I_R3=1_iff_missingness_solve_pass_and_quadrature_estimable_and_(planning=0_or_planning_truth_eligibility=VALUE_true);false_promotion_low_truth_not_pruned;I_complete=1_required;false_promotion_applicability_requires_final_truth,composite_interval_envelope_lower_do_not_sum_with_upper_or_primitive_quantiles
rel.aggregate_interval_calls_upper,reliability,aggregate,exact_binomial_intervals,I_R3*(I_complete*(12+K+I_planning)),conditional_upper_bound,rel_interval_envelope,missingness_solve_pass=1_for_m=0_or_MCAR_else_1_iff_owner_frozen_bracket_and_final_selection_are_reached_and_finite_and_abs_selected_signed_residual_less_than_or_equal_to_1e-10;planning_truth_eligibility=VALUE_true_iff_manifest_planning_member_and_final_alpha>0.80_and_final_macro>0.85_and_every_applicable_final_positive>0.75;I_R3=1_iff_missingness_solve_pass_and_quadrature_estimable_and_(planning=0_or_planning_truth_eligibility=VALUE_true);false_promotion_low_truth_not_pruned;I_complete=1_required;includes_possible_false_promotion_interval,composite_interval_envelope_upper_do_not_sum_with_lower_or_primitive_quantiles
rel.aggregate_beta_quantile_calls_upper,reliability,aggregate,beta_quantile_calls,I_R3*(I_complete*(2*(11+K)+I_planning+I_false)),conditional_upper_bound,primitive_exact_binomial_path,missingness_solve_pass=1_for_m=0_or_MCAR_else_1_iff_owner_frozen_bracket_and_final_selection_are_reached_and_finite_and_abs_selected_signed_residual_less_than_or_equal_to_1e-10;planning_truth_eligibility=VALUE_true_iff_manifest_planning_member_and_final_alpha>0.80_and_final_macro>0.85_and_every_applicable_final_positive>0.75;I_R3=1_iff_missingness_solve_pass_and_quadrature_estimable_and_(planning=0_or_planning_truth_eligibility=VALUE_true);false_promotion_low_truth_not_pruned;I_complete=1_required;two_quantiles_per_two_sided_interval_and_one_per_one_sided_planning_or_applicable_false_promotion_interval;boundary_success_counts_can_reduce_realized_calls,primitive_interval_alternative_do_not_sum_with_composite_interval_calls
rel.aggregate_completion_identity_checks,reliability,aggregate,bitmap_and_record_identity_checks,I_R3*(R),conditional_exact,all,missingness_solve_pass=1_for_m=0_or_MCAR_else_1_iff_owner_frozen_bracket_and_final_selection_are_reached_and_finite_and_abs_selected_signed_residual_less_than_or_equal_to_1e-10;planning_truth_eligibility=VALUE_true_iff_manifest_planning_member_and_final_alpha>0.80_and_final_macro>0.85_and_every_applicable_final_positive>0.75;I_R3=1_iff_missingness_solve_pass_and_quadrature_estimable_and_(planning=0_or_planning_truth_eligibility=VALUE_true);false_promotion_low_truth_not_pruned;one_expected_outer_identity_check_against_completion_bitmap_unique_canonical_record_and_integrity_digest;I_complete_requires_all_R,standalone_semantic_unit
rel.aggregate_base_counter_updates,reliability,aggregate,boolean_counter_updates,I_R3*(I_complete*R*(11+K)),conditional_exact,all,missingness_solve_pass=1_for_m=0_or_MCAR_else_1_iff_owner_frozen_bracket_and_final_selection_are_reached_and_finite_and_abs_selected_signed_residual_less_than_or_equal_to_1e-10;planning_truth_eligibility=VALUE_true_iff_manifest_planning_member_and_final_alpha>0.80_and_final_macro>0.85_and_every_applicable_final_positive>0.75;I_R3=1_iff_missingness_solve_pass_and_quadrature_estimable_and_(planning=0_or_planning_truth_eligibility=VALUE_true);false_promotion_low_truth_not_pruned;I_complete=1_required_after_full_identity_scan;eleven_plus_K_unique_base_Bernoulli_counters;complete_gate_counter_is_reused_by_false_promotion_and_planning_without_second_tally,shared_base_counter_tally
rel.aggregate_undefined_bootstrap_sum_additions,reliability,aggregate,integer_accumulations,I_R3*(I_complete*R),conditional_exact,all,missingness_solve_pass=1_for_m=0_or_MCAR_else_1_iff_owner_frozen_bracket_and_final_selection_are_reached_and_finite_and_abs_selected_signed_residual_less_than_or_equal_to_1e-10;planning_truth_eligibility=VALUE_true_iff_manifest_planning_member_and_final_alpha>0.80_and_final_macro>0.85_and_every_applicable_final_positive>0.75;I_R3=1_iff_missingness_solve_pass_and_quadrature_estimable_and_(planning=0_or_planning_truth_eligibility=VALUE_true);false_promotion_low_truth_not_pruned;I_complete=1_required_after_full_identity_scan;one_undefined_bootstrap_count_addition_per_committed_outer_record_for_descriptive_sum,standalone_semantic_unit
rel.aggregate_proportion_evaluations,reliability,aggregate,binary64_divisions,I_R3*(I_complete*(11+K)),conditional_exact,all,missingness_solve_pass=1_for_m=0_or_MCAR_else_1_iff_owner_frozen_bracket_and_final_selection_are_reached_and_finite_and_abs_selected_signed_residual_less_than_or_equal_to_1e-10;planning_truth_eligibility=VALUE_true_iff_manifest_planning_member_and_final_alpha>0.80_and_final_macro>0.85_and_every_applicable_final_positive>0.75;I_R3=1_iff_missingness_solve_pass_and_quadrature_estimable_and_(planning=0_or_planning_truth_eligibility=VALUE_true);false_promotion_low_truth_not_pruned;I_complete=1_required;one_x_divided_by_fixed_R_for_each_distinct_base_event_proportion;complete_gate_proportion_is_reused_by_false_promotion_and_planning_outputs_without_an_extra_division,shared_distinct_proportion_evaluations
rel.aggregate_undefined_bootstrap_fraction_divisions,reliability,aggregate,binary64_divisions,I_R3*(I_complete),conditional_exact,all,missingness_solve_pass=1_for_m=0_or_MCAR_else_1_iff_owner_frozen_bracket_and_final_selection_are_reached_and_finite_and_abs_selected_signed_residual_less_than_or_equal_to_1e-10;planning_truth_eligibility=VALUE_true_iff_manifest_planning_member_and_final_alpha>0.80_and_final_macro>0.85_and_every_applicable_final_positive>0.75;I_R3=1_iff_missingness_solve_pass_and_quadrature_estimable_and_(planning=0_or_planning_truth_eligibility=VALUE_true);false_promotion_low_truth_not_pruned;I_complete=1_required;one_sum_undefined_divided_by_fixed_R_times_B_for_the_descriptive_fraction;disjoint_from_binary_event_proportions_and_CP_intervals,standalone_descriptive_fraction
rel.aggregate_record_classification_assemblies,reliability,aggregate_audit,aggregate_state_applicability_status_assemblies,1,exact,composite_aggregate_classification,one_per_manifest_candidate_even_when_I_R3=0_or_I_complete=0;assembles_all_structural_applicability_NOT_REACHED_VALUE_trials_interval_and_cell_status_fields_from_frozen_static_completion_integrity_and_numerical_outputs;excludes_tallies_proportion_evaluations_undefined_fraction_division_intervals_and_serialization,composite_control_classification_do_not_add_future_granular_aggregate_state_rows
rel.repeat_metric_evaluations,reliability,analysis,metric_evaluations,unresolved,unresolved,owner_choice,repeat_estimators_not_frozen,standalone_semantic_unit
rel.outer_seed_derivations,reliability,outer_identity,hmac_seed_derivations,I_R3*(2*R),conditional_exact,planned_complete_path_I_complete=1,missingness_solve_pass=1_for_m=0_or_MCAR_else_1_iff_owner_frozen_bracket_and_final_selection_are_reached_and_finite_and_abs_selected_signed_residual_less_than_or_equal_to_1e-10;planning_truth_eligibility=VALUE_true_iff_manifest_planning_member_and_final_alpha>0.80_and_final_macro>0.85_and_every_applicable_final_positive>0.75;I_R3=1_iff_missingness_solve_pass_and_quadrature_estimable_and_(planning=0_or_planning_truth_eligibility=VALUE_true);false_promotion_low_truth_not_pruned;one_outer_DGP_and_one_analysis_bootstrap_seed_per_scheduled_identity;discarded_retry_derivations_are_in_unresolved_attempt_work,standalone_semantic_unit
rel.outer_payload_hashes,reliability,serialization,sha256_calls,I_R3*(M_c),conditional_exact,all,missingness_solve_pass=1_for_m=0_or_MCAR_else_1_iff_owner_frozen_bracket_and_final_selection_are_reached_and_finite_and_abs_selected_signed_residual_less_than_or_equal_to_1e-10;planning_truth_eligibility=VALUE_true_iff_manifest_planning_member_and_final_alpha>0.80_and_final_macro>0.85_and_every_applicable_final_positive>0.75;I_R3=1_iff_missingness_solve_pass_and_quadrature_estimable_and_(planning=0_or_planning_truth_eligibility=VALUE_true);false_promotion_low_truth_not_pruned;one_hash_per_committed_exact_336_byte_canonical_scientific_record_with_digest_slot_zero;mutable_execution_sidecar_excluded,standalone_semantic_unit
rel.outer_record_serializations,reliability,serialization,record_serializations,I_R3*(M_c),conditional_exact,all,missingness_solve_pass=1_for_m=0_or_MCAR_else_1_iff_owner_frozen_bracket_and_final_selection_are_reached_and_finite_and_abs_selected_signed_residual_less_than_or_equal_to_1e-10;planning_truth_eligibility=VALUE_true_iff_manifest_planning_member_and_final_alpha>0.80_and_final_macro>0.85_and_every_applicable_final_positive>0.75;I_R3=1_iff_missingness_solve_pass_and_quadrature_estimable_and_(planning=0_or_planning_truth_eligibility=VALUE_true);false_promotion_low_truth_not_pruned;one_336_byte_record_per_unique_integrity_valid_committed_outer_identity,standalone_semantic_unit
rel.outer_record_bytes,reliability,serialization,bytes,I_R3*(336*M_c),conditional_exact,all,missingness_solve_pass=1_for_m=0_or_MCAR_else_1_iff_owner_frozen_bracket_and_final_selection_are_reached_and_finite_and_abs_selected_signed_residual_less_than_or_equal_to_1e-10;planning_truth_eligibility=VALUE_true_iff_manifest_planning_member_and_final_alpha>0.80_and_final_macro>0.85_and_every_applicable_final_positive>0.75;I_R3=1_iff_missingness_solve_pass_and_quadrature_estimable_and_(planning=0_or_planning_truth_eligibility=VALUE_true);false_promotion_low_truth_not_pruned;fixed_TB0011_core_width_times_committed_record_count,standalone_semantic_unit
rel.completion_bitmap_updates,reliability,checkpoint,bit_updates,I_R3*(M_c),conditional_exact,all,missingness_solve_pass=1_for_m=0_or_MCAR_else_1_iff_owner_frozen_bracket_and_final_selection_are_reached_and_finite_and_abs_selected_signed_residual_less_than_or_equal_to_1e-10;planning_truth_eligibility=VALUE_true_iff_manifest_planning_member_and_final_alpha>0.80_and_final_macro>0.85_and_every_applicable_final_positive>0.75;I_R3=1_iff_missingness_solve_pass_and_quadrature_estimable_and_(planning=0_or_planning_truth_eligibility=VALUE_true);false_promotion_low_truth_not_pruned;one_final_completion_bit_update_per_unique_integrity_valid_committed_outer_identity,standalone_semantic_unit
rel.chunk_journal_records,reliability,checkpoint,record_serializations,unresolved,unresolved,chunk_policy,chunk_size_retry_and_commit_policy_not_frozen,standalone_semantic_unit
rel.failure_detail_records,reliability,failure_audit,record_serializations,unresolved,unresolved,realized_failures,failure_message_taxonomy_and_realized_failures_not_frozen,standalone_semantic_unit
rel.execution_attempt_records,reliability,restart,record_serializations,unresolved,unresolved,resource_policy,one_32_byte_sidecar_record_per_scheduled_REL_STATIC_REL_OUTER_RANGE_or_reliability_CELL_AGGREGATE_attempt;disjoint_from_MV_and_global_family_work;chunking_deadline_retry_and_infrastructure_failure_process_not_frozen,standalone_semantic_unit
rel.execution_attempt_record_bytes,reliability,restart,bytes,unresolved,unresolved,resource_policy,32_bytes_per_scheduled_atomic_work_unit_attempt_but_attempt_occurrence_not_frozen,standalone_semantic_unit
mv.outer_records,mv1,outer,records,M_c,conditional_exact,all,M_c_is_unique_integrity_valid_committed_outer_identity_count_between_0_and_R;M_c=0_if_not_outer_eligible;I_complete_iff_M_c=R_and_no_integrity_mismatch,shape_denominator_do_not_allocate_as_compute
mv.dgp_words,mv1,outer_dgp,uint64_words,R*(66*n+4*D),upper_bound,all_candidates_calibrate,D=10*ceil(0.3*n),standalone_semantic_unit
mv.open_unit_conversions,mv1,outer_dgp,uint64_to_open_unit,R*(66*n+4*D),upper_bound,all_candidates_calibrate,one_conversion_per_raw_word,standalone_semantic_unit
mv.outer_first_presentation_events,mv1,outer_dgp,presentation_events,R*20*n,upper_bound,all_candidates_calibrate,ten_readers_by_two_screen_strata,shape_denominator_do_not_allocate_as_compute
mv.outer_repeat_events,mv1,outer_dgp,repeat_events,R*D,upper_bound,all_candidates_calibrate,D=10*ceil(0.3*n),shape_denominator_do_not_allocate_as_compute
mv.outer_evaluability_block_reductions,mv1,outer_dgp,eligibility_reductions,R*2*n,upper_bound,all_candidates_calibrate,one_complete_E_predicate_per_screened_candidate,standalone_semantic_unit
mv.outer_four_of_five_panel_reductions,mv1,outer_dgp,panel_vote_reductions,R*4*n,upper_bound,all_candidates_calibrate,two_sibling_panels_per_screened_candidate,standalone_semantic_unit
mv.outer_panel_mean_reductions,mv1,outer_dgp,panel_mean_reductions,R*4*n,upper_bound,all_candidates_calibrate,two_five_reader_panel_means_per_screened_candidate,standalone_semantic_unit
mv.outer_patient_q_reductions,mv1,outer_dgp,patient_q_reductions,R*2*n,upper_bound,all_candidates_calibrate,one_q_value_per_evaluable_candidate_at_most,standalone_semantic_unit
mv.static_reader_effect_inverse_normal,mv1,static_probability,inverse_normal_calls,30,exact,all,probability_coverage_and_state_vectors_each_have_ten_readers,standalone_semantic_unit
mv.static_reader_vector_normalizations,mv1,static_probability,finite_roster_normalizations,3,exact,all,probability_coverage_and_state_vectors_each_get_mean_population_SD_normalization,standalone_semantic_unit
mv.static_state_log_values,mv1,static_probability,log_calls,3,exact,all,correct_opposite_ambiguous_base_logits,standalone_semantic_unit
mv.outer_screen_fidelity_lookups,mv1,outer_dgp,bernoulli_lookups,R*2*n,upper_bound,all_candidates_calibrate,one_assigned_state_lookup_per_screened_candidate,standalone_semantic_unit
mv.outer_q_beta_inverse,mv1,outer_dgp,beta_inverse_calls,R*2*n_or_0,upper_bound,beta_candidates_only,zero_for_two_point_candidates,standalone_semantic_unit
mv.outer_q_two_point_lookup,mv1,outer_dgp,two_point_lookups,R*2*n_or_0,upper_bound,two_point_candidates_only,zero_for_beta_candidates,standalone_semantic_unit
mv.outer_patient_normal_inverse,mv1,outer_dgp,inverse_normal_calls,R*2*n,upper_bound,all_candidates_calibrate,one_shared_patient_state_effect_per_candidate,standalone_semantic_unit
mv.outer_rating_normal_inverse,mv1,outer_dgp,inverse_normal_calls,R*20*n,upper_bound,all_candidates_calibrate,one_probability_noise_transform_per_first_presentation,standalone_semantic_unit
mv.outer_coverage_expit,mv1,outer_dgp,expit_calls,R*20*n,upper_bound,all_candidates_calibrate,one_coverage_probability_per_first_presentation,composite_expit_alternative_do_not_sum_with_primitive_exp
mv.outer_coverage_exp_calls,mv1,outer_dgp,exp_calls,R*20*n,upper_bound,primitive_expit_path,one_exponential_per_coverage_expit,primitive_expit_alternative_do_not_sum_with_composite
mv.outer_coverage_lookup,mv1,outer_dgp,bernoulli_lookups,R*20*n,upper_bound,all_candidates_calibrate,coverage_word_consumed_for_every_first_presentation,standalone_semantic_unit
mv.outer_state_softmax,mv1,outer_dgp,softmax_vectors,R*20*n,upper_bound,all_candidates_calibrate,one_state_probability_vector_per_first_presentation,composite_softmax_alternative_do_not_sum_with_primitive_components
mv.outer_state_softmax_exp_calls,mv1,outer_dgp,exp_calls,3*R*20*n,upper_bound,primitive_softmax_path,three_exponentials_per_state_probability_vector,primitive_softmax_alternative_do_not_sum_with_composite
mv.outer_state_softmax_normalizations,mv1,outer_dgp,probability_normalizations,R*20*n,upper_bound,primitive_softmax_path,one_normalization_per_state_probability_vector,primitive_softmax_alternative_do_not_sum_with_composite
mv.outer_state_softmax_logsumexp_calls,mv1,outer_dgp,logsumexp_calls,R*20*n,upper_bound,optional_reference_softmax_path,zero_if_direct_stable_normalization_is_frozen,optional_primitive_subalternative_do_not_add_without_reference_lock
mv.outer_state_lookup,mv1,outer_dgp,categorical_lookups,R*20*n,upper_bound,all_candidates_calibrate,state_word_consumed_for_every_first_presentation,standalone_semantic_unit
mv.outer_clip_round,mv1,outer_dgp,clip_round_events,R*20*n,upper_bound,all_candidates_calibrate,one_probability_clip_round_per_recorded_first_presentation_at_most,standalone_semantic_unit
mv.repeat_rating_normal_inverse,mv1,outer_dgp,inverse_normal_calls,R*D,upper_bound,all_candidates_calibrate,fresh_probability_noise_per_repeat,standalone_semantic_unit
mv.repeat_coverage_expit,mv1,outer_dgp,expit_calls,R*D,upper_bound,all_candidates_calibrate,one_coverage_probability_per_repeat,composite_expit_alternative_do_not_sum_with_primitive_exp
mv.repeat_coverage_exp_calls,mv1,outer_dgp,exp_calls,R*D,upper_bound,primitive_expit_path,one_exponential_per_coverage_expit,primitive_expit_alternative_do_not_sum_with_composite
mv.repeat_coverage_lookup,mv1,outer_dgp,bernoulli_lookups,R*D,upper_bound,all_candidates_calibrate,coverage_word_consumed_for_every_repeat,standalone_semantic_unit
mv.repeat_state_softmax,mv1,outer_dgp,softmax_vectors,R*D,upper_bound,all_candidates_calibrate,one_original_state_probability_vector_per_repeat,composite_softmax_alternative_do_not_sum_with_primitive_components
mv.repeat_state_softmax_exp_calls,mv1,outer_dgp,exp_calls,3*R*D,upper_bound,primitive_softmax_path,three_exponentials_per_state_probability_vector,primitive_softmax_alternative_do_not_sum_with_composite
mv.repeat_state_softmax_normalizations,mv1,outer_dgp,probability_normalizations,R*D,upper_bound,primitive_softmax_path,one_normalization_per_state_probability_vector,primitive_softmax_alternative_do_not_sum_with_composite
mv.repeat_state_softmax_logsumexp_calls,mv1,outer_dgp,logsumexp_calls,R*D,upper_bound,optional_reference_softmax_path,zero_if_direct_stable_normalization_is_frozen,optional_primitive_subalternative_do_not_add_without_reference_lock
mv.repeat_match_lookup,mv1,outer_dgp,bernoulli_lookups,R*D,upper_bound,all_candidates_calibrate,match_word_consumed_for_every_repeat,standalone_semantic_unit
mv.repeat_alternate_normalization,mv1,outer_dgp,probability_normalizations,R*D,upper_bound,all_candidates_calibrate,one_zero_mass_renormalization_per_nonmatching_recorded_repeat_at_most,standalone_semantic_unit
mv.repeat_state_lookup,mv1,outer_dgp,categorical_lookups,R*D,upper_bound,all_candidates_calibrate,alternate_word_consumed_for_every_repeat,standalone_semantic_unit
mv.repeat_clip_round,mv1,outer_dgp,clip_round_events,R*D,upper_bound,all_candidates_calibrate,one_probability_clip_round_per_recorded_repeat_at_most,standalone_semantic_unit
mv.bootstrap_index_words,mv1,bootstrap,uint64_words,R*B*2*n,upper_bound,all_candidates_calibrate_and_all_units_evaluable,realized_evaluable_total_is_at_most_2*n,standalone_semantic_unit
mv.bootstrap_index_formations,mv1,bootstrap,index_formations,R*B*2*n,upper_bound,all_candidates_calibrate_and_all_units_evaluable,one_index_formation_per_word,standalone_semantic_unit
mv.q_recomputations,mv1,analysis,q_studentizer_recomputations,R*(B+1),upper_bound,all_candidates_calibrate_and_are_estimable,point_plus_all_bootstrap_recomputations,standalone_semantic_unit
mv.max_t_selections,mv1,analysis,max_t_selection_and_three_lower_bound_assemblies,R,upper_bound,all_candidates_calibrate_and_are_estimable,one_per_estimable_outer_selects_the_fixed_order_max_t_critical_value_and_inclusively_constructs_lower_bal_lower_present_and_lower_absent_as_qhat_minus_critical_times_SE;no_separate_lower_bound_construction_rows,standalone_semantic_unit
mv.fe_fits,mv1,sensitivity,fixed_effect_fits,R,upper_bound,all_candidates_calibrate_and_are_estimable,one_joint_FE_fit_per_outer,standalone_semantic_unit
mv.loo_reductions,mv1,sensitivity,leave_one_reader_reductions,10*R,upper_bound,all_candidates_calibrate_and_are_estimable,ten_reader_omissions_per_outer,standalone_semantic_unit
mv.outer_screen_assignment_tallies,mv1,analysis,four_count_tally_assemblies,M_c,conditional_exact,all,one_per_unique_integrity_valid_committed_outer_record;computes_the_four_screen_stratum_by_assigned_polarity_counts;excludes_DGP_q_studentization_and_classification,composite_point_output_tally
mv.outer_classification_assemblies,mv1,analysis,state_event_failure_status_assemblies,M_c,conditional_exact,composite_outer_classification,one_per_unique_integrity_valid_committed_outer_record;includes_all_applicable_finite_denominator_yield_q_strict_threshold_three_coverage_FE_rank_and_tolerance_all_30_LOO_veto_bootstrap_undefined_comparisons_two_bit_slot_states_event_bits_failure_component_mask_and_primary_status_precedence;excludes_estimator_computation_aggregate_tally_and_serialization,composite_control_classification_do_not_add_future_granular_comparison_or_mask_rows
mv.aggregate_interval_calls,mv1,aggregate,exact_binomial_intervals,I_outer*I_complete*(17+I_null+I_planning),conditional_upper_bound,all_candidates_calibrate,I_outer=1_iff_outer_eligibility=ELIGIBLE_else_0_and_I_complete=1_required;NOT_ELIGIBLE_and_INFRASTRUCTURE_INCOMPLETE_both_produce_no_interval_but_enter_distinct_family_failure_or_incomplete_inventories;applicability_and_denominators_require_calibration,composite_interval_alternative_do_not_sum_with_primitive_quantiles
mv.aggregate_beta_quantile_calls_upper,mv1,aggregate,beta_quantile_calls,I_outer*I_complete*(2*(17+I_planning)+I_null),conditional_upper_bound,primitive_exact_binomial_path,I_outer=1_iff_outer_eligibility=ELIGIBLE_else_0_and_I_complete=1_required;two_quantiles_per_two_sided_ordinary_or_planning_interval_and_one_per_one_sided_null_interval;boundary_success_counts_can_reduce_realized_calls,primitive_interval_alternative_do_not_sum_with_composite_interval_calls
mv.aggregate_completion_identity_checks,mv1,aggregate,bitmap_and_record_identity_checks,I_outer*R,conditional_upper_bound,all_candidates_calibrate,I_outer=1_iff_outer_eligibility=ELIGIBLE_else_0;one_expected_outer_identity_check_against_completion_bitmap_unique_canonical_record_and_integrity_digest;I_complete_requires_all_R,standalone_semantic_unit
mv.aggregate_base_counter_updates,mv1,aggregate,boolean_counter_updates,I_outer*I_complete*17*R,conditional_upper_bound,all_candidates_calibrate,I_outer=1_iff_outer_eligibility=ELIGIBLE_else_0_and_I_complete=1_required_after_full_identity_scan;seventeen_unique_base_Bernoulli_counters;complete_q_and_complete_joint_counters_are_reused_by_null_and_planning_without_second_tally,shared_base_counter_tally
mv.aggregate_proportion_evaluations,mv1,aggregate,binary64_divisions,I_outer*I_complete*17,conditional_exact,all,I_outer=1_iff_outer_eligibility=ELIGIBLE_else_0_and_I_complete=1_required;one_x_divided_by_fixed_R_for_each_distinct_base_event_proportion;complete_q_proportion_is_reused_by_null_false_qualification_and_complete_joint_proportion_by_planning_power_without_extra_divisions,shared_distinct_proportion_evaluations
mv.aggregate_record_classification_assemblies,mv1,aggregate_audit,aggregate_state_applicability_status_assemblies,1,exact,composite_aggregate_classification,one_per_manifest_candidate_even_when_calibration_or_outer_eligibility_fails_or_I_complete=0;assembles_all_manifest_membership_NOT_REACHED_VALUE_trials_interval_and_cell_status_fields_from_frozen_calibration_completion_integrity_and_numerical_outputs;excludes_tallies_proportion_evaluations_intervals_and_serialization,composite_control_classification_do_not_add_future_granular_aggregate_state_rows
mv.calibration_domain_bound_constructions,mv1,calibration_domain,domain_bound_construction_assemblies,I_domain*2,conditional_exact,all,I_domain=1_only_after_owner_freezes_open_admissible_mean_interval_endpoint_or_interior_margin_and_strictly_positive_beta_shape_bound_rules;one_present_and_one_absent_polarity_assembly_each_computes_admissible_mean_lower_and_upper_and_for_beta_candidates_the_positive_shape_bound;two_point_candidates_mark_the_shape_bound_INAPPLICABLE;excludes_scan_solve_vector_evaluation_and_static_classification,composite_static_domain_output_construction
mv.calibration_candidate_vector_evaluations,mv1,calibration,candidate_vector_evaluations,2*(1001+80)*(80+2)*2^20,upper_bound,successful_calibration_path,both_polarities_grid_and_outer_midpoint_inner_solve_evaluations_only;excludes_independent_validation_vectors,shape_denominator_do_not_allocate_as_compute
mv.calibration_validation_vector_evaluations,mv1,calibration,validation_vector_evaluations,2*2^22,upper_bound,successful_calibration_path,one_independent_validation_shape_per_polarity;excludes_candidate_solve_vectors,shape_denominator_do_not_allocate_as_compute
mv.calibration_alpha_solves,mv1,calibration,alpha_solves,2*(1001+80),upper_bound,successful_calibration_path,per_polarity_grid_plus_outer_midpoints,shape_denominator_do_not_allocate_as_compute
mv.calibration_alpha_bracket_checks,mv1,calibration,bracket_checks,2*(1001+80),upper_bound,successful_calibration_path,one_endpoint_bracket_check_per_inner_alpha_solve;early_failure_reduces_realized_count;finite_sign_orientation_inclusive_endpoint_equality_and_residual_zero_semantics_are_owner_blocked,standalone_semantic_unit
mv.calibration_alpha_midpoint_controls,mv1,calibration,bisection_midpoint_events,2*(1001+80)*80,upper_bound,successful_calibration_path,at_most_80_inner_alpha_midpoints_per_solve;endpoint_or_earlier_failure_reduces_realized_count;midpoint_residual_zero_and_bracket_endpoint_update_equality_rules_are_owner_blocked,standalone_semantic_unit
mv.calibration_residual_evaluations,mv1,calibration,residual_evaluations,2*(1001+80)*(80+2),upper_bound,successful_calibration_path,per_alpha_endpoint_and_midpoint_signed_yield_residual=estimated_P(E=1_given_Y)-rho_Y;all_evaluated_residuals_are_cached_but_one_is_selected_for_each_trial_mean_only_after_the_inner_alpha_rule_is_owner_frozen,standalone_semantic_unit
mv.calibration_inner_alpha_final_selections,mv1,calibration,inner_alpha_cached_solution_selection_events,2*(1001+80),upper_bound,inner_alpha_owner_choice,at_most_one_per_reached_trial_mean_after_two_endpoints_and_80_midpoint_updates;selects_one_cached_alpha_and_paired_signed_yield_residual_for_the_q_evaluation;inner_bracket_sign_orientation_inclusive_endpoint_predicate_midpoint_zero_update_and_endpoint_midpoint_tie_or_final_selection_rules_are_not_frozen,standalone_inner_alpha_solution_blocker
mv.calibration_scan_points,mv1,calibration,scan_point_q_residual_evaluations,2*1001,upper_bound,successful_calibration_path,"one_signed_q_residual=estimated_E(q_observed_given_E=1,Y)-q_Y_target_after_an_owner_frozen_paired_inner_alpha_selection_at_each_of_1001_points_per_polarity;cached_for_monotonicity_and_outer_bracket_controls",standalone_semantic_unit
mv.calibration_outer_q_bracket_checks,mv1,calibration,bracket_checks,2,upper_bound,successful_calibration_path,one_outer_q_bracket_check_after_each_completed_polarity_scan;early_failure_reduces_realized_count;finite_sign_orientation_inclusive_endpoint_equality_and_residual_zero_semantics_are_owner_blocked,standalone_semantic_unit
mv.calibration_outer_midpoints,mv1,calibration,outer_bisection_midpoint_q_residual_evaluations,2*80,upper_bound,successful_calibration_path,"one_signed_q_residual=estimated_E(q_observed_given_E=1,Y)-q_Y_target_after_an_owner_frozen_paired_inner_alpha_selection_per_midpoint;the_updated_outer_endpoint_candidates_and_paired_alpha_yield_and_q_residuals_are_cached_but_outer_midpoint_zero_update_and_final_selection_rules_remain_owner_blocked",standalone_semantic_unit
mv.calibration_monotonicity_comparisons,mv1,calibration,adjacent_difference_test_and_running_argmax_updates,2*1000,upper_bound,successful_calibration_path,after_owner_frozen_inner_alpha_selections_for_i=0_to_999_compute_raw_selected_q_i_minus_selected_q_i_plus_1_without_zero_clamping_apply_strict_greater_than_1e-6_test_and_update_fixed_ascending_scan_running_max_and_zero_based_preceding_index_argmax_with_smallest_i_tie_break_even_if_all_differences_are_nonpositive;final_max_and_index_are_reused_by_static_outputs,standalone_semantic_unit
mv.calibration_final_solution_selections,mv1,calibration,final_cached_solution_selection_events,2,upper_bound,final_solution_owner_choice,at_most_one_per_polarity_after_80_outer_midpoint_updates;selects_one_cached_mu_and_its_paired_inner_alpha_and_retains_their_signed_yield_and_q_residuals;whether_endpoint_midpoint_or_other_cached_candidate_and_the_tie_rule_are_not_frozen,standalone_final_solution_selection_blocker
mv.calibration_final_distribution_parameter_constructions,mv1,calibration,final_distribution_parameter_constructions,2,upper_bound,reached_final_solution,at_most_one_per_selected_polarity;constructs_two_strictly_positive_beta_shapes_or_one_unit_interval_two_point_mixing_probability_and_marks_the_other_distribution_branch_INAPPLICABLE;excludes_inverse_CDF_vector_domain_and_selection_work,standalone_final_parameter_output_construction
mv.calibration_validation_passes,mv1,calibration,validation_residual_and_pass_assemblies,2,upper_bound,successful_calibration_path,"one_per_reached_polarity;retains_signed_yield_residual=validation_estimated_P(E=1_given_Y)-rho_Y_and_signed_q_residual=validation_estimated_E(q_observed_given_E=1,Y)-q_Y_target_applies_both_absolute_residual_less_than_or_equal_to_0.0005_comparisons_and_emits_pass_or_fail;vector_generation_and_reductions_are_separate",standalone_semantic_unit
mv.calibration_control_record_assemblies,mv1,calibration_audit,polarity_control_record_assemblies,2,exact,all,one_present_and_one_absent_record_per_manifest_candidate;copies_the_11_realized_control_counters_in_frozen_order_preserves_zero_for_scientifically_skipped_later_stages_sets_VALUE_for_a_committed_scientific_path_or_NOT_REACHED_when_no_committed_path_exists_and_excludes_the_counted_operations_static_classification_and_serialization,composite_control_output_assembly
mv.calibration_materialized_words,mv1,calibration_raw,uint64_words,2*(2^20+2^22)*32,upper_bound,materialize,complete_raw_buffers_once,exclusive_calibration_raw_alternative
mv.calibration_replay_words,mv1,calibration_raw,uint64_words,32*(V_cal+V_val),upper_bound,replay,V_cal_and_V_val_are_the_separate_candidate_and_validation_vector_rows;regenerate_raw_words_for_every_vector_evaluation,exclusive_calibration_raw_alternative
mv.calibration_open_unit_conversions_replay,mv1,calibration_conversion,uint64_to_open_unit,32*(V_cal+V_val),upper_bound,replay,convert_each_regenerated_word_for_every_candidate_or_validation_evaluation,exclusive_conversion_alternative
mv.calibration_open_unit_conversions_materialize_reconvert,mv1,calibration_conversion,uint64_to_open_unit,32*(V_cal+V_val),upper_bound,materialize_raw_then_reconvert,retain_raw_words_but_reconvert_for_every_candidate_or_validation_evaluation,exclusive_conversion_alternative
mv.calibration_open_unit_conversions_materialize_cache,mv1,calibration_conversion,uint64_to_open_unit,2*(2^20+2^22)*32,upper_bound,materialize_raw_and_open_unit_cache,convert_each_materialized_word_once,exclusive_conversion_alternative
mv.calibration_open_unit_cache_bytes,mv1,calibration_conversion,bytes,8*2*(2^20+2^22)*32,upper_bound,materialize_raw_and_open_unit_cache,additional_uncompressed_binary64_cache_per_candidate,exclusive_conversion_storage_alternative
mv.calibration_normal_inverse,mv1,calibration_transform,inverse_normal_calls,11*(V_cal+V_val),upper_bound,materialize_or_replay,one_probability_plus_ten_state_channels_per_candidate_or_validation_vector,standalone_semantic_unit
mv.calibration_beta_inverse,mv1,calibration_transform,beta_inverse_calls,(V_cal+V_val)_or_0,upper_bound,beta_candidates_only,zero_for_two_point_candidates,standalone_semantic_unit
mv.calibration_two_point_lookup,mv1,calibration_transform,two_point_lookups,(V_cal+V_val)_or_0,upper_bound,two_point_candidates_only,zero_for_beta_candidates,standalone_semantic_unit
mv.calibration_coverage_expit,mv1,calibration_transform,expit_calls,10*(V_cal+V_val),upper_bound,materialize_or_replay,ten_readers_per_candidate_or_validation_vector,composite_expit_alternative_do_not_sum_with_primitive_exp
mv.calibration_coverage_exp_calls,mv1,calibration_transform,exp_calls,10*(V_cal+V_val),upper_bound,primitive_expit_path,one_exponential_per_coverage_expit,primitive_expit_alternative_do_not_sum_with_composite
mv.calibration_coverage_lookup,mv1,calibration_transform,bernoulli_lookups,10*(V_cal+V_val),upper_bound,materialize_or_replay,ten_coverage_words_per_candidate_or_validation_vector,standalone_semantic_unit
mv.calibration_state_softmax,mv1,calibration_transform,softmax_vectors,10*(V_cal+V_val),upper_bound,materialize_or_replay,ten_readers_per_candidate_or_validation_vector,composite_softmax_alternative_do_not_sum_with_primitive_components
mv.calibration_state_softmax_exp_calls,mv1,calibration_transform,exp_calls,30*(V_cal+V_val),upper_bound,primitive_softmax_path,three_exponentials_for_each_of_ten_reader_state_vectors,primitive_softmax_alternative_do_not_sum_with_composite
mv.calibration_state_softmax_normalizations,mv1,calibration_transform,probability_normalizations,10*(V_cal+V_val),upper_bound,primitive_softmax_path,one_normalization_per_reader_state_vector,primitive_softmax_alternative_do_not_sum_with_composite
mv.calibration_state_softmax_logsumexp_calls,mv1,calibration_transform,logsumexp_calls,10*(V_cal+V_val),upper_bound,optional_reference_softmax_path,zero_if_direct_stable_normalization_is_frozen,optional_primitive_subalternative_do_not_add_without_reference_lock
mv.calibration_state_lookup,mv1,calibration_transform,categorical_lookups,10*(V_cal+V_val),upper_bound,materialize_or_replay,ten_readers_per_candidate_or_validation_vector,standalone_semantic_unit
mv.calibration_clip_round,mv1,calibration_transform,clip_round_events,10*(V_cal+V_val),upper_bound,materialize_or_replay,exact_reference_rule_owner_blocked,standalone_semantic_unit
mv.calibration_reductions,mv1,calibration,fixed_order_reductions,V_cal+V_val,upper_bound,materialize_or_replay,one_declared_vector_reduction_unit_per_candidate_or_validation_vector,standalone_semantic_unit
mv.truth_reference_selection_events,mv1,static_classification,truth_reference_selection_events,unresolved,unresolved,truth_definition_owner_choice,target_vs_independently_validated_calibrated_truth_and_per_component_nonreach_behavior_not_frozen,standalone_semantic_unit
mv.static_classification_assemblies,mv1,static_classification,static_state_failure_classification_assemblies,1,exact,composite_static_classification,one_per_manifest_candidate;includes_all_per_polarity_and_per_residual_two_bit_states_distribution_specific_INAPPLICABLE_states_bracket_monotonicity_residual_validation_status_outer_eligibility_and_first_static_or_calibration_failure_precedence;excludes_calibration_numerics_and_owner_truth_selection_work,composite_control_classification_do_not_add_future_granular_static_state_or_comparison_rows
mv.repeat_metric_evaluations,mv1,analysis,metric_evaluations,unresolved,unresolved,owner_choice,probability_and_categorical_repeat_estimators_not_frozen,standalone_semantic_unit
mv.calibration_seed_derivations,mv1,calibration_identity,hmac_seed_derivations,4,upper_bound,successful_calibration_path,calibration_and_validation_seed_for_two_polarities,standalone_semantic_unit
mv.calibration_trace_digest_calls,mv1,calibration_identity,sha256_calls,2,upper_bound,attempted_polarities,one_final_whole_trace_digest_per_attempted_polarity_at_most;does_not_include_checkpoint_or_raw_buffer_digests;trace_encoding_and_depth_remain_owner_blocked,standalone_final_trace_identity_blocker_until_trace_lock
mv.calibration_trace_hash_bytes,mv1,calibration_identity,bytes,unresolved,unresolved,trace_owner_choice,canonical_trace_encoding_depth_and_failure_transcript_domain_not_frozen,standalone_identity_blocker
mv.calibration_evaluation_digest_calls,mv1,calibration_identity,sha256_calls,unresolved,unresolved,evaluation_trace_owner_choice,one_integrity_digest_per_retained_complete_named_mean_endpoint_or_midpoint_evaluation_but_trace_depth_and_early_failure_depth_not_frozen;not_a_durable_restart_checkpoint,standalone_evaluation_identity_blocker
mv.calibration_evaluation_hash_bytes,mv1,calibration_identity,bytes,unresolved,unresolved,evaluation_trace_owner_choice,complete_evaluation_transcript_domain_and_encoding_not_frozen;not_a_durable_restart_checkpoint,standalone_evaluation_identity_blocker
mv.calibration_raw_buffer_digest_calls,mv1,calibration_identity,sha256_calls,unresolved,unresolved,materialize_raw,number_of_materialized_base_and_validation_buffers_and_tiling_verification_policy_not_frozen,exclusive_materialization_identity_blocker
mv.calibration_raw_buffer_hash_bytes,mv1,calibration_identity,bytes,unresolved,unresolved,materialize_raw,canonical_raw_buffer_header_tiling_and_digest_domain_not_frozen,exclusive_materialization_identity_blocker
mv.outer_seed_derivations,mv1,outer_identity,hmac_seed_derivations,2*R,upper_bound,all_candidates_calibrate,one_outer_DGP_and_one_analysis_bootstrap_seed_per_identity,standalone_semantic_unit
mv.calibration_validation_hashes,mv1,calibration_identity,sha256_calls,2,upper_bound,successful_calibration_path,zero_to_two_calls_but_raw_word_transformed_vector_residual_or_reduction_transcript_domain_and_encoding_owner_blocked,standalone_identity_blocker_until_validation_digest_lock
mv.calibration_validation_hash_bytes,mv1,calibration_identity,bytes,unresolved,unresolved,validation_digest_owner_choice,canonical_validation_transcript_domain_and_encoding_not_frozen,standalone_identity_blocker
mv.outer_payload_hashes,mv1,serialization,sha256_calls,M_c,conditional_exact,all,one_hash_per_committed_exact_600_byte_canonical_scientific_record_with_digest_slot_zero;mutable_execution_sidecar_excluded,standalone_semantic_unit
mv.outer_record_serializations,mv1,serialization,record_serializations,M_c,conditional_exact,all,one_600_byte_record_per_unique_integrity_valid_committed_outer_identity,standalone_semantic_unit
mv.outer_record_bytes,mv1,serialization,bytes,600*M_c,conditional_exact,all,fixed_TB0011_core_width_times_committed_record_count,standalone_semantic_unit
mv.completion_bitmap_updates,mv1,checkpoint,bit_updates,M_c,conditional_exact,all,one_final_completion_bit_update_per_unique_integrity_valid_committed_outer_identity,standalone_semantic_unit
mv.chunk_journal_records,mv1,checkpoint,record_serializations,unresolved,unresolved,chunk_policy,chunk_size_retry_and_commit_policy_not_frozen,standalone_semantic_unit
mv.failure_detail_records,mv1,failure_audit,record_serializations,unresolved,unresolved,realized_failures,failure_message_taxonomy_and_realized_failures_not_frozen,standalone_semantic_unit
mv.execution_attempt_records,mv1,restart,record_serializations,unresolved,unresolved,resource_policy,one_32_byte_sidecar_record_per_scheduled_MV_STATIC_MV_CAL_PRESENT_MV_CAL_ABSENT_MV_OUTER_RANGE_or_MV_CELL_AGGREGATE_attempt;whole_polarity_is_atomic_calibration_retry_unit;disjoint_from_reliability_and_global_family_work;chunking_deadline_retry_and_infrastructure_failure_process_not_frozen,standalone_semantic_unit
mv.execution_attempt_record_bytes,mv1,restart,bytes,unresolved,unresolved,resource_policy,32_bytes_per_scheduled_atomic_work_unit_attempt_but_attempt_occurrence_not_frozen,standalone_semantic_unit
